This is the estimated transform matrix [R, t].
0.969846,-0.141314,0.198566,0.0205419
0.17101,0.975082,-0.141315,0.0200956
-0.173648,0.17101,0.969846,0.0193442
